year,month,age,user type,trips,avgtripdur
2017,Jan,17,Subscriber,859,10.78034536
2017,Jan,18,Customer,6,12.25277778
2017,Jan,18,Subscriber,1799,10.17583843
2017,Jan,19,Customer,114,21.84532164
2017,Jan,19,Subscriber,1814,10.66074972
2017,Jan,20,Customer,92,21.14601449
2017,Jan,20,Subscriber,2773,12.01297031
2017,Jan,21,Customer,157,32.23577495
2017,Jan,21,Subscriber,3696,12.28969156
2017,Jan,22,Customer,107,23.11152648
2017,Jan,22,Subscriber,4577,11.76453281
2017,Jan,23,Customer,108,21.59151235
2017,Jan,23,Subscriber,7887,10.05483919
2017,Jan,24,Customer,131,19.8562341
2017,Jan,24,Subscriber,13841,12.32863594
2017,Jan,25,Customer,193,25.11174439
2017,Jan,25,Subscriber,17902,10.95744889
2017,Jan,26,Customer,108,24.78611111
2017,Jan,26,Subscriber,21374,11.33184866
2017,Jan,27,Customer,167,33.5992016
2017,Jan,27,Subscriber,24609,16.67981023
2017,Jan,28,Customer,159,20.3860587
2017,Jan,28,Subscriber,26301,10.66908799
2017,Jan,29,Customer,164,21.36768293
2017,Jan,29,Subscriber,26581,11.19648496
2017,Jan,30,Customer,171,23.95243665
2017,Jan,30,Subscriber,25046,11.1230263
2017,Jan,31,Customer,127,21.24422572
2017,Jan,31,Subscriber,26416,10.86747678
2017,Jan,32,Customer,59,63.09322034
2017,Jan,32,Subscriber,27097,11.34850537
2017,Jan,33,Customer,157,23.12866242
2017,Jan,33,Subscriber,25363,10.25108886
2017,Jan,34,Customer,130,22.93525641
2017,Jan,34,Subscriber,24452,11.79660423
2017,Jan,35,Customer,75,19.58822222
2017,Jan,35,Subscriber,22030,11.47511878
2017,Jan,36,Customer,76,20.13333333
2017,Jan,36,Subscriber,20968,12.24400356
2017,Jan,37,Customer,22868,41.85701417
2017,Jan,37,Subscriber,25768,11.3883984
2017,Jan,38,Customer,82,25.92682927
2017,Jan,38,Subscriber,18397,11.34071225
2017,Jan,39,Customer,50,23.59633333
2017,Jan,39,Subscriber,17150,11.41418173
2017,Jan,40,Customer,54,14.85679012
2017,Jan,40,Subscriber,16232,11.55904797
2017,Jan,41,Customer,48,49.99409722
2017,Jan,41,Subscriber,16341,11.97314934
2017,Jan,42,Customer,100,20.767
2017,Jan,42,Subscriber,15196,11.83050803
2017,Jan,43,Customer,45,15.9037037
2017,Jan,43,Subscriber,15751,11.9052949
2017,Jan,44,Customer,41,27.71544715
2017,Jan,44,Subscriber,13883,12.28324209
2017,Jan,45,Customer,43,30.02093023
2017,Jan,45,Subscriber,15217,11.20448183
2017,Jan,46,Customer,42,21.40753968
2017,Jan,46,Subscriber,15668,11.91475513
2017,Jan,47,Customer,39,26.20555556
2017,Jan,47,Subscriber,17241,11.9847389
2017,Jan,48,Customer,56,20.42619048
2017,Jan,48,Subscriber,15268,11.60707798
2017,Jan,49,Customer,48,20.090625
2017,Jan,49,Subscriber,13622,14.17900455
2017,Jan,50,Customer,76,22.46973684
2017,Jan,50,Subscriber,12576,12.11376961
2017,Jan,51,Customer,12,17.11527778
2017,Jan,51,Subscriber,12528,12.25641363
2017,Jan,52,Customer,29,22.04712644
2017,Jan,52,Subscriber,12584,13.5702784
2017,Jan,53,Customer,64,19.62291667
2017,Jan,53,Subscriber,12734,16.13305063
2017,Jan,54,Customer,35,19.44952381
2017,Jan,54,Subscriber,12115,12.39851149
2017,Jan,55,Customer,31,21.84516129
2017,Jan,55,Subscriber,12466,12.08079443
2017,Jan,56,Customer,12,30.78055556
2017,Jan,56,Subscriber,10112,12.42859474
2017,Jan,57,Customer,45,21.63259259
2017,Jan,57,Subscriber,10767,12.76768212
2017,Jan,58,Customer,12,16.85972222
2017,Jan,58,Subscriber,9469,12.51976801
2017,Jan,59,Customer,22,27.4280303
2017,Jan,59,Subscriber,7895,12.22738442
2017,Jan,60,Customer,11,31.19848485
2017,Jan,60,Subscriber,7178,12.38411814
2017,Jan,61,Customer,4,46.69166667
2017,Jan,61,Subscriber,6304,13.07440514
2017,Jan,62,Customer,4,42.32083333
2017,Jan,62,Subscriber,5264,13.20366641
2017,Jan,63,Subscriber,4756,13.15684399
2017,Jan,64,Customer,1,10
2017,Jan,64,Subscriber,5132,11.0396564
2017,Jan,65,Customer,6,63.51111111
2017,Jan,65,Subscriber,3079,12.14028905
2017,Jan,66,Customer,16,27.86979167
2017,Jan,66,Subscriber,2825,13.43028319
2017,Jan,67,Subscriber,2105,12.92319082
2017,Jan,68,Customer,8,25.34375
2017,Jan,68,Subscriber,1788,15.9420302
2017,Jan,69,Customer,4,19.25416667
2017,Jan,69,Subscriber,1604,12.2736596
2017,Jan,70,Customer,1,20.15
2017,Jan,70,Subscriber,1384,11.72183285
2017,Jan,71,Subscriber,1148,10.4710511
2017,Jan,72,Subscriber,574,9.712108014
2017,Jan,73,Subscriber,468,12.15402422
2017,Jan,74,Customer,1,22.36666667
2017,Jan,74,Subscriber,401,12.13724023
2017,Jan,75,Subscriber,571,11.44381203
2017,Jan,76,Subscriber,459,11.86866376
2017,Jan,77,Subscriber,322,11.20724638
2017,Jan,78,Subscriber,85,11.18941176
2017,Jan,79,Subscriber,187,12.38315508
2017,Jan,80,Subscriber,10,14.16
2017,Jan,81,Subscriber,44,12.89810606
2017,Jan,82,Subscriber,10,14.635
2017,Jan,83,Subscriber,62,12.0766129
2017,Jan,85,Subscriber,23,6.755072464
2017,Jan,86,Subscriber,7,20.94761905
2017,Jan,91,Subscriber,10,11.68333333
2017,Jan,94,Subscriber,12,6.4875
2017,Jan,96,Subscriber,14,3.25
2017,Jan,97,Subscriber,1,22.88333333
2017,Jan,99,Subscriber,11,7.784848485
2017,Jan,100,Subscriber,6,5.527777778
2017,Jan,102,Subscriber,8,59.50208333
2017,Jan,105,Subscriber,21,15.07380952
2017,Jan,107,Subscriber,13,2.398717949
2017,Jan,116,Subscriber,24,16.49236111
2017,Jan,117,Subscriber,90,13.53092593
2017,Jan,118,Subscriber,25,16.24133333
2017,Jan,122,Subscriber,3,11.10555556
2017,Jan,124,Subscriber,6,11.825
2017,Jan,131,Subscriber,10,27.03166667
2017,Jan,132,Subscriber,56,14.9889881
2017,Feb,16,Subscriber,5,20.16
2017,Feb,17,Subscriber,820,12.52471545
2017,Feb,18,Customer,50,24.86733333
2017,Feb,18,Subscriber,1706,10.94653185
2017,Feb,19,Customer,307,23.19147666
2017,Feb,19,Subscriber,2093,11.18653448
2017,Feb,20,Customer,126,30.59510582
2017,Feb,20,Subscriber,3635,10.82650619
2017,Feb,21,Customer,202,25.26047855
2017,Feb,21,Subscriber,5668,9.743722065
2017,Feb,22,Customer,362,21.27039595
2017,Feb,22,Subscriber,7373,14.51566527
2017,Feb,23,Customer,500,20.78423333
2017,Feb,23,Subscriber,9726,11.45663171
2017,Feb,24,Customer,399,23.81771094
2017,Feb,24,Subscriber,16061,11.83378162
2017,Feb,25,Customer,409,24.61255094
2017,Feb,25,Subscriber,20379,12.19102916
2017,Feb,26,Customer,350,23.26042857
2017,Feb,26,Subscriber,24201,11.90709406
2017,Feb,27,Customer,359,29.12650882
2017,Feb,27,Subscriber,27943,11.59585824
2017,Feb,28,Customer,299,22.62909699
2017,Feb,28,Subscriber,28818,11.76667476
2017,Feb,29,Customer,292,22.97836758
2017,Feb,29,Subscriber,29140,12.24567948
2017,Feb,30,Customer,349,24.68447947
2017,Feb,30,Subscriber,27308,13.26632855
2017,Feb,31,Customer,340,25.64063725
2017,Feb,31,Subscriber,28751,13.5134575
2017,Feb,32,Customer,250,21.06126667
2017,Feb,32,Subscriber,29265,11.68840822
2017,Feb,33,Customer,245,36.5629932
2017,Feb,33,Subscriber,27823,11.49463693
2017,Feb,34,Customer,291,23.76345934
2017,Feb,34,Subscriber,26126,11.76336344
2017,Feb,35,Customer,248,21.5593414
2017,Feb,35,Subscriber,23362,11.80142468
2017,Feb,36,Customer,211,22.35229068
2017,Feb,36,Subscriber,22281,12.27833057
2017,Feb,37,Customer,42818,32.10453937
2017,Feb,37,Subscriber,26545,12.2769693
2017,Feb,38,Customer,161,18.45072464
2017,Feb,38,Subscriber,18941,12.08792302
2017,Feb,39,Customer,152,37.80625
2017,Feb,39,Subscriber,17658,12.05529033
2017,Feb,40,Customer,160,21.96395833
2017,Feb,40,Subscriber,16583,12.04264809
2017,Feb,41,Customer,51,32.1120915
2017,Feb,41,Subscriber,16486,13.67917526
2017,Feb,42,Customer,131,20.35
2017,Feb,42,Subscriber,15131,12.04698742
2017,Feb,43,Customer,131,22.75992366
2017,Feb,43,Subscriber,16261,12.23282803
2017,Feb,44,Customer,78,34.89252137
2017,Feb,44,Subscriber,14170,12.84612915
2017,Feb,45,Customer,69,35.15096618
2017,Feb,45,Subscriber,14749,11.8986259
2017,Feb,46,Customer,75,30.52466667
2017,Feb,46,Subscriber,15862,11.48841991
2017,Feb,47,Customer,85,35.10411765
2017,Feb,47,Subscriber,17239,13.3260804
2017,Feb,48,Customer,71,31.30023474
2017,Feb,48,Subscriber,15225,14.55424412
2017,Feb,49,Customer,104,32.21025641
2017,Feb,49,Subscriber,13631,13.07560096
2017,Feb,50,Customer,72,22.05300926
2017,Feb,50,Subscriber,12368,11.82801989
2017,Feb,51,Customer,96,47.21475694
2017,Feb,51,Subscriber,12262,12.34439461
2017,Feb,52,Customer,57,30.93947368
2017,Feb,52,Subscriber,12353,11.95040881
2017,Feb,53,Customer,43,29.67248062
2017,Feb,53,Subscriber,12770,13.51290525
2017,Feb,54,Customer,80,24.01770833
2017,Feb,54,Subscriber,11647,13.35289345
2017,Feb,55,Customer,44,24.3125
2017,Feb,55,Subscriber,12397,12.61136296
2017,Feb,56,Customer,69,28.17463768
2017,Feb,56,Subscriber,10123,12.39534229
2017,Feb,57,Customer,102,21.56388889
2017,Feb,57,Subscriber,10867,12.04263366
2017,Feb,58,Customer,45,16.12814815
2017,Feb,58,Subscriber,9401,13.29835833
2017,Feb,59,Customer,37,27.02072072
2017,Feb,59,Subscriber,8059,12.84659801
2017,Feb,60,Customer,23,26.37246377
2017,Feb,60,Subscriber,7102,12.73409603
2017,Feb,61,Customer,36,71.34212963
2017,Feb,61,Subscriber,6695,12.97646253
2017,Feb,62,Customer,8,25.42916667
2017,Feb,62,Subscriber,5359,14.55569758
2017,Feb,63,Customer,3,52.93333333
2017,Feb,63,Subscriber,5233,12.86970826
2017,Feb,64,Customer,35,22.64761905
2017,Feb,64,Subscriber,5161,11.57041594
2017,Feb,65,Customer,15,50.75666667
2017,Feb,65,Subscriber,3189,12.27418208
2017,Feb,66,Customer,6,19.63888889
2017,Feb,66,Subscriber,3024,13.47864308
2017,Feb,67,Customer,23,17.59710145
2017,Feb,67,Subscriber,2469,12.48154448
2017,Feb,68,Customer,17,20.21176471
2017,Feb,68,Subscriber,1851,13.13054205
2017,Feb,69,Customer,5,20.45
2017,Feb,69,Subscriber,1525,13.11861202
2017,Feb,70,Subscriber,1521,12.73811089
2017,Feb,71,Subscriber,1026,11.64434698
2017,Feb,72,Customer,2,47.63333333
2017,Feb,72,Subscriber,607,11.13533773
2017,Feb,73,Customer,2,47.81666667
2017,Feb,73,Subscriber,554,14.32078821
2017,Feb,74,Subscriber,420,10.56694444
2017,Feb,75,Subscriber,672,13.21133433
2017,Feb,76,Subscriber,440,12.23518939
2017,Feb,77,Subscriber,325,10.25230769
2017,Feb,78,Subscriber,60,12.03111111
2017,Feb,79,Subscriber,151,13.82615894
2017,Feb,80,Subscriber,32,15.02083333
2017,Feb,81,Subscriber,49,9.358163265
2017,Feb,82,Subscriber,8,9.310416667
2017,Feb,83,Subscriber,72,11.69050926
2017,Feb,84,Subscriber,5,27.32
2017,Feb,85,Subscriber,15,4.125555556
2017,Feb,86,Subscriber,12,24.60416667
2017,Feb,91,Subscriber,29,8.291954023
2017,Feb,94,Subscriber,12,8.506944444
2017,Feb,96,Subscriber,2,2.275
2017,Feb,97,Subscriber,1,15.9
2017,Feb,99,Subscriber,9,11.51851852
2017,Feb,100,Subscriber,18,6.935185185
2017,Feb,102,Subscriber,3,4.966666667
2017,Feb,105,Subscriber,6,12.85555556
2017,Feb,107,Subscriber,22,4.517424242
2017,Feb,110,Subscriber,2,22.1
2017,Feb,116,Subscriber,31,16.67258065
2017,Feb,117,Subscriber,81,15.46872428
2017,Feb,118,Subscriber,55,14.56333333
2017,Feb,122,Subscriber,4,14.575
2017,Feb,124,Subscriber,9,11.19814815
2017,Feb,129,Subscriber,4,5.145833333
2017,Feb,131,Subscriber,8,12.98958333
2017,Feb,132,Subscriber,66,13.68257576
2017,Feb,159,Customer,1,489.5333333
2017,Mar,16,Subscriber,48,8.441319444
2017,Mar,17,Subscriber,881,10.67633371
2017,Mar,18,Customer,4,20.4875
2017,Mar,18,Subscriber,1705,10.01185728
2017,Mar,19,Customer,106,33.79025157
2017,Mar,19,Subscriber,1912,12.59735007
2017,Mar,20,Customer,165,21.96020202
2017,Mar,20,Subscriber,3551,9.835764573
2017,Mar,21,Customer,121,22.59986226
2017,Mar,21,Subscriber,5315,10.24406397
2017,Mar,22,Customer,132,28.53257576
2017,Mar,22,Subscriber,6805,10.83844477
2017,Mar,23,Customer,281,25.2039739
2017,Mar,23,Subscriber,9167,10.67839533
2017,Mar,24,Customer,225,23.75422222
2017,Mar,24,Subscriber,15285,11.80066078
2017,Mar,25,Customer,225,22.24140741
2017,Mar,25,Subscriber,19181,12.37472325
2017,Mar,26,Customer,225,21.18518519
2017,Mar,26,Subscriber,22423,11.16476163
2017,Mar,27,Customer,311,44.7721329
2017,Mar,27,Subscriber,25657,12.31764106
2017,Mar,28,Customer,203,24.22060755
2017,Mar,28,Subscriber,27119,11.74434406
2017,Mar,29,Customer,252,22.75734127
2017,Mar,29,Subscriber,26121,12.41422865
2017,Mar,30,Customer,316,30.52078059
2017,Mar,30,Subscriber,25266,11.70169002
2017,Mar,31,Customer,209,32.56044657
2017,Mar,31,Subscriber,26461,11.27532532
2017,Mar,32,Customer,212,20.6836478
2017,Mar,32,Subscriber,26617,11.66948817
2017,Mar,33,Customer,177,23.78973635
2017,Mar,33,Subscriber,25362,11.51458087
2017,Mar,34,Customer,216,21.95416667
2017,Mar,34,Subscriber,23687,11.31555283
2017,Mar,35,Customer,152,20.78015351
2017,Mar,35,Subscriber,21591,11.56104781
2017,Mar,36,Customer,96,24.89930556
2017,Mar,36,Subscriber,20971,11.9561895
2017,Mar,37,Customer,26696,38.46763997
2017,Mar,37,Subscriber,25190,12.44873164
2017,Mar,38,Customer,98,23.87602041
2017,Mar,38,Subscriber,18221,11.75140314
2017,Mar,39,Customer,87,27.69904215
2017,Mar,39,Subscriber,17131,11.72719145
2017,Mar,40,Customer,101,22.74983498
2017,Mar,40,Subscriber,15886,12.9254847
2017,Mar,41,Customer,128,25.76757813
2017,Mar,41,Subscriber,15750,11.92520529
2017,Mar,42,Customer,82,17.80223577
2017,Mar,42,Subscriber,14467,11.51095597
2017,Mar,43,Customer,73,19.13607306
2017,Mar,43,Subscriber,15946,11.77998662
2017,Mar,44,Customer,63,40.12089947
2017,Mar,44,Subscriber,14021,12.54485177
2017,Mar,45,Customer,74,44.53581081
2017,Mar,45,Subscriber,14198,11.95823355
2017,Mar,46,Customer,49,25.6085034
2017,Mar,46,Subscriber,15468,11.89586997
2017,Mar,47,Customer,53,19.55754717
2017,Mar,47,Subscriber,16325,12.58915467
2017,Mar,48,Customer,80,22.39708333
2017,Mar,48,Subscriber,14828,11.86281584
2017,Mar,49,Customer,30,27.78888889
2017,Mar,49,Subscriber,12895,11.94741114
2017,Mar,50,Customer,60,20.34916667
2017,Mar,50,Subscriber,11917,12.05417751
2017,Mar,51,Customer,93,30.69946237
2017,Mar,51,Subscriber,11404,12.78641559
2017,Mar,52,Customer,40,33.98916667
2017,Mar,52,Subscriber,11937,12.11065455
2017,Mar,53,Customer,93,21.66792115
2017,Mar,53,Subscriber,12028,14.3780817
2017,Mar,54,Customer,101,18.76188119
2017,Mar,54,Subscriber,11036,12.84034372
2017,Mar,55,Customer,40,17.1325
2017,Mar,55,Subscriber,11565,12.69241101
2017,Mar,56,Customer,67,28.96343284
2017,Mar,56,Subscriber,9304,12.87699377
2017,Mar,57,Customer,53,25.63993711
2017,Mar,57,Subscriber,10241,12.98841747
2017,Mar,58,Customer,13,33.43461538
2017,Mar,58,Subscriber,8625,14.61803092
2017,Mar,59,Customer,29,28.18908046
2017,Mar,59,Subscriber,7726,12.23835749
2017,Mar,60,Customer,25,474.8793333
2017,Mar,60,Subscriber,6699,12.48849082
2017,Mar,61,Customer,18,18.77777778
2017,Mar,61,Subscriber,6244,12.42954837
2017,Mar,62,Customer,6,194.9
2017,Mar,62,Subscriber,5006,13.44614796
2017,Mar,63,Customer,5,20.24666667
2017,Mar,63,Subscriber,4781,12.81140626
2017,Mar,64,Customer,16,14.66770833
2017,Mar,64,Subscriber,4724,12.26685366
2017,Mar,65,Customer,4,24.11666667
2017,Mar,65,Subscriber,2977,14.946333
2017,Mar,66,Customer,1,28.75
2017,Mar,66,Subscriber,2848,13.27424508
2017,Mar,67,Subscriber,1987,14.00339708
2017,Mar,68,Customer,2,33.58333333
2017,Mar,68,Subscriber,1771,12.76145304
2017,Mar,69,Subscriber,1566,16.77553214
2017,Mar,70,Customer,1,13.11666667
2017,Mar,70,Subscriber,1244,11.95289389
2017,Mar,71,Subscriber,1138,12.4047891
2017,Mar,72,Customer,3,36.78333333
2017,Mar,72,Subscriber,609,22.42870826
2017,Mar,73,Subscriber,544,14.46908701
2017,Mar,74,Subscriber,330,13.51338384
2017,Mar,75,Subscriber,620,11.87663978
2017,Mar,76,Subscriber,377,10.8954023
2017,Mar,77,Subscriber,281,9.960676157
2017,Mar,78,Subscriber,93,12.35035842
2017,Mar,79,Customer,1,22.71666667
2017,Mar,79,Subscriber,178,10.93014981
2017,Mar,80,Subscriber,26,10.80769231
2017,Mar,81,Subscriber,28,9.583333333
2017,Mar,82,Subscriber,10,6.886666667
2017,Mar,83,Subscriber,68,11.72573529
2017,Mar,84,Subscriber,4,19.4625
2017,Mar,85,Subscriber,12,5.229166667
2017,Mar,86,Subscriber,6,16.93333333
2017,Mar,91,Subscriber,37,8.826576577
2017,Mar,94,Subscriber,16,7.392708333
2017,Mar,96,Subscriber,2,2.233333333
2017,Mar,99,Subscriber,3,7.838888889
2017,Mar,100,Subscriber,22,9.627272727
2017,Mar,105,Subscriber,12,12.38055556
2017,Mar,107,Subscriber,17,4.245098039
2017,Mar,110,Subscriber,3,8.533333333
2017,Mar,116,Subscriber,31,19.75806452
2017,Mar,117,Subscriber,90,15.88166667
2017,Mar,118,Subscriber,31,20.77204301
2017,Mar,122,Subscriber,1,8.85
2017,Mar,124,Subscriber,15,12.64222222
2017,Mar,129,Subscriber,6,6.494444444
2017,Mar,131,Subscriber,22,16.05833333
2017,Mar,132,Subscriber,39,13.33247863
2017,Apr,16,Subscriber,121,13.23236915
2017,Apr,17,Subscriber,1493,13.19628265
2017,Apr,18,Customer,187,27.44331551
2017,Apr,18,Subscriber,2439,11.96206095
2017,Apr,19,Customer,806,33.10899504
2017,Apr,19,Subscriber,3584,12.82470238
2017,Apr,20,Customer,829,28.04758745
2017,Apr,20,Subscriber,4971,12.8770804
2017,Apr,21,Customer,661,32.49072113
2017,Apr,21,Subscriber,8326,12.26849828
2017,Apr,22,Customer,799,28.28172716
2017,Apr,22,Subscriber,10642,11.86463227
2017,Apr,23,Customer,1343,61.08961281
2017,Apr,23,Subscriber,17036,13.42952767
2017,Apr,24,Customer,1586,34.13269231
2017,Apr,24,Subscriber,28681,13.12775473
2017,Apr,25,Customer,1546,28.85065761
2017,Apr,25,Subscriber,35895,13.59526814
2017,Apr,26,Customer,1660,121.9424297
2017,Apr,26,Subscriber,41500,12.86470803
2017,Apr,27,Customer,1670,39.55639721
2017,Apr,27,Subscriber,45528,13.91228072
2017,Apr,28,Customer,1576,66.91657149
2017,Apr,28,Subscriber,47549,13.03897769
2017,Apr,29,Customer,1308,30.35286697
2017,Apr,29,Subscriber,46725,13.72996148
2017,Apr,30,Customer,1944,179.5511145
2017,Apr,30,Subscriber,44887,16.85081278
2017,Apr,31,Customer,1410,46.76788416
2017,Apr,31,Subscriber,46500,15.61454194
2017,Apr,32,Customer,1121,32.32713351
2017,Apr,32,Subscriber,46295,14.4155384
2017,Apr,33,Customer,926,33.55345572
2017,Apr,33,Subscriber,42624,15.44304461
2017,Apr,34,Customer,1016,235.6631234
2017,Apr,34,Subscriber,40291,17.1750031
2017,Apr,35,Customer,810,43.12644033
2017,Apr,35,Subscriber,35477,14.32021216
2017,Apr,36,Customer,158569,37.13492339
2017,Apr,36,Subscriber,45542,13.21477354
2017,Apr,37,Customer,734,102.7190736
2017,Apr,37,Subscriber,31321,16.67810255
2017,Apr,38,Customer,578,25.21508074
2017,Apr,38,Subscriber,28590,13.89607555
2017,Apr,39,Customer,514,89.93249027
2017,Apr,39,Subscriber,26578,13.59597098
2017,Apr,40,Customer,549,30.36445052
2017,Apr,40,Subscriber,25035,14.17448505
2017,Apr,41,Customer,504,34.05419974
2017,Apr,41,Subscriber,24452,13.09026119
2017,Apr,42,Customer,444,28.26265015
2017,Apr,42,Subscriber,22065,13.14710779
2017,Apr,43,Customer,389,28.82823479
2017,Apr,43,Subscriber,23102,15.94580917
2017,Apr,44,Customer,399,29.98817878
2017,Apr,44,Subscriber,20620,13.16340042
2017,Apr,45,Customer,468,27.91075499
2017,Apr,45,Subscriber,21122,18.8352768
2017,Apr,46,Customer,390,33.47465812
2017,Apr,46,Subscriber,21683,13.20045735
2017,Apr,47,Customer,380,28.61934211
2017,Apr,47,Subscriber,23966,13.74318618
2017,Apr,48,Customer,359,30.94753946
2017,Apr,48,Subscriber,21077,13.05332432
2017,Apr,49,Customer,374,29.49995544
2017,Apr,49,Subscriber,19085,14.10939219
2017,Apr,50,Customer,380,35.80495614
2017,Apr,50,Subscriber,17791,12.97404118
2017,Apr,51,Customer,345,28.13879227
2017,Apr,51,Subscriber,16995,14.22497597
2017,Apr,52,Customer,355,27.8313615
2017,Apr,52,Subscriber,17090,19.06592354
2017,Apr,53,Customer,393,27.95156913
2017,Apr,53,Subscriber,17828,13.38533019
2017,Apr,54,Customer,235,29.44234043
2017,Apr,54,Subscriber,15868,13.5694469
2017,Apr,55,Customer,195,33.3117094
2017,Apr,55,Subscriber,16584,13.34180435
2017,Apr,56,Customer,157,32.82781316
2017,Apr,56,Subscriber,14150,14.67708481
2017,Apr,57,Customer,192,23.9671875
2017,Apr,57,Subscriber,14846,13.75170416
2017,Apr,58,Customer,154,26.94264069
2017,Apr,58,Subscriber,12555,13.60220762
2017,Apr,59,Customer,112,34.54940476
2017,Apr,59,Subscriber,11326,13.81466537
2017,Apr,60,Customer,121,30.54958678
2017,Apr,60,Subscriber,10615,13.70969697
2017,Apr,61,Customer,42,42.12539683
2017,Apr,61,Subscriber,8800,13.65362121
2017,Apr,62,Customer,41,31.85609756
2017,Apr,62,Subscriber,7750,15.66056559
2017,Apr,63,Customer,55,25.21606061
2017,Apr,63,Subscriber,7105,13.68052545
2017,Apr,64,Customer,31,27.15430108
2017,Apr,64,Subscriber,6844,12.96573641
2017,Apr,65,Customer,54,31.01234568
2017,Apr,65,Subscriber,4640,13.48084052
2017,Apr,66,Customer,56,35.025
2017,Apr,66,Subscriber,3931,14.15276435
2017,Apr,67,Customer,26,40.05
2017,Apr,67,Subscriber,3126,13.326029
2017,Apr,68,Customer,20,49.29
2017,Apr,68,Subscriber,2536,13.6830836
2017,Apr,69,Customer,6,25.57777778
2017,Apr,69,Subscriber,2230,14.47057549
2017,Apr,70,Customer,7,25.76428571
2017,Apr,70,Subscriber,2095,13.58841687
2017,Apr,71,Customer,3,38.59444444
2017,Apr,71,Subscriber,1658,14.57051669
2017,Apr,72,Customer,8,37.1
2017,Apr,72,Subscriber,987,12.32304965
2017,Apr,73,Customer,5,22.87333333
2017,Apr,73,Subscriber,802,13.70619285
2017,Apr,74,Subscriber,491,12.06357773
2017,Apr,75,Customer,1,38.93333333
2017,Apr,75,Subscriber,873,13.2812142
2017,Apr,76,Customer,7,71.0047619
2017,Apr,76,Subscriber,616,13.41504329
2017,Apr,77,Customer,1,12.51666667
2017,Apr,77,Subscriber,443,14.52464259
2017,Apr,78,Subscriber,111,13.13693694
2017,Apr,79,Subscriber,236,50.52443503
2017,Apr,80,Subscriber,79,18.89767932
2017,Apr,81,Customer,1,26.16666667
2017,Apr,81,Subscriber,75,11.71555556
2017,Apr,82,Subscriber,48,8.773958333
2017,Apr,83,Subscriber,70,12.16452381
2017,Apr,84,Subscriber,4,29.375
2017,Apr,85,Subscriber,51,10.00098039
2017,Apr,86,Subscriber,9,33.28703704
2017,Apr,87,Subscriber,9,11.77592593
2017,Apr,90,Customer,1,35.41666667
2017,Apr,91,Subscriber,38,10.82149123
2017,Apr,94,Subscriber,12,6.343055556
2017,Apr,96,Subscriber,6,14.90833333
2017,Apr,99,Subscriber,9,9.3
2017,Apr,100,Subscriber,35,22.27
2017,Apr,105,Subscriber,12,12.27361111
2017,Apr,107,Subscriber,27,3.361728395
2017,Apr,110,Subscriber,16,8.041666667
2017,Apr,116,Subscriber,37,14.01711712
2017,Apr,117,Customer,5,26.83666667
2017,Apr,117,Subscriber,154,15.48841991
2017,Apr,118,Subscriber,32,12.69270833
2017,Apr,121,Subscriber,2,10.01666667
2017,Apr,122,Subscriber,5,15.59333333
2017,Apr,124,Subscriber,19,12.42631579
2017,Apr,129,Subscriber,18,16.46851852
2017,Apr,131,Customer,2,527.5333333
2017,Apr,131,Subscriber,3,7.205555556
2017,Apr,132,Subscriber,50,12.24833333
2017,May,16,Subscriber,282,11.04728132
2017,May,17,Subscriber,2316,13.05477116
2017,May,18,Customer,135,38.42666667
2017,May,18,Subscriber,3435,14.33118874
2017,May,19,Customer,444,28.19481982
2017,May,19,Subscriber,4190,23.28770088
2017,May,20,Customer,388,39.89819588
2017,May,20,Subscriber,5902,12.605789
2017,May,21,Customer,698,73.92012894
2017,May,21,Subscriber,8712,22.15333639
2017,May,22,Customer,914,40.66812546
2017,May,22,Subscriber,11183,20.90900474
2017,May,23,Customer,988,73.45915992
2017,May,23,Subscriber,20572,13.17381311
2017,May,24,Customer,1284,29.67445483
2017,May,24,Subscriber,34670,17.50637102
2017,May,25,Customer,1229,34.0352997
2017,May,25,Subscriber,41811,13.46384564
2017,May,26,Customer,1695,29.31526057
2017,May,26,Subscriber,48521,12.85567555
2017,May,27,Customer,1450,27.46034483
2017,May,27,Subscriber,52952,12.84340189
2017,May,28,Customer,1284,28.46165628
2017,May,28,Subscriber,55779,13.49934145
2017,May,29,Customer,1380,24.78644928
2017,May,29,Subscriber,55533,14.1091201
2017,May,30,Customer,1798,130.1159807
2017,May,30,Subscriber,52976,16.15249893
2017,May,31,Customer,1478,34.14583897
2017,May,31,Subscriber,54333,14.01801913
2017,May,32,Customer,1137,25.86737027
2017,May,32,Subscriber,53627,13.7229965
2017,May,33,Customer,1042,24.89737684
2017,May,33,Subscriber,49955,12.67624262
2017,May,34,Customer,964,36.98089557
2017,May,34,Subscriber,47103,13.29093759
2017,May,35,Customer,864,25.51780478
2017,May,35,Subscriber,42351,13.31235233
2017,May,36,Customer,786,26.41306192
2017,May,36,Subscriber,41357,13.88518913
2017,May,37,Customer,160517,32.59582111
2017,May,37,Subscriber,50961,13.41604822
2017,May,38,Customer,659,26.75586748
2017,May,38,Subscriber,34329,13.05890743
2017,May,39,Customer,708,48.45670904
2017,May,39,Subscriber,31667,13.79122378
2017,May,40,Customer,563,46.78442866
2017,May,40,Subscriber,30155,14.26870834
2017,May,41,Customer,655,26.30763359
2017,May,41,Subscriber,29356,12.86981878
2017,May,42,Customer,511,24.62811481
2017,May,42,Subscriber,26861,15.65025253
2017,May,43,Customer,533,25.05753596
2017,May,43,Subscriber,28988,13.54645543
2017,May,44,Customer,579,25.58192286
2017,May,44,Subscriber,25989,13.23266254
2017,May,45,Customer,376,26.14197695
2017,May,45,Subscriber,25992,14.69297733
2017,May,46,Customer,522,23.92353129
2017,May,46,Subscriber,27027,14.53891849
2017,May,47,Customer,407,26.92792793
2017,May,47,Subscriber,28648,13.96818102
2017,May,48,Customer,344,25.26928295
2017,May,48,Subscriber,26112,13.35110805
2017,May,49,Customer,355,26.37178404
2017,May,49,Subscriber,23470,13.82661483
2017,May,50,Customer,344,30.84132752
2017,May,50,Subscriber,21442,13.2747878
2017,May,51,Customer,376,25.77690603
2017,May,51,Subscriber,21031,13.53435722
2017,May,52,Customer,376,22.98608156
2017,May,52,Subscriber,21474,13.18877092
2017,May,53,Customer,184,24.02264493
2017,May,53,Subscriber,20587,13.3875933
2017,May,54,Customer,226,26.02382006
2017,May,54,Subscriber,19103,13.49694638
2017,May,55,Customer,250,27.12653333
2017,May,55,Subscriber,19041,13.52867234
2017,May,56,Customer,146,26.9533105
2017,May,56,Subscriber,16286,14.01820275
2017,May,57,Customer,225,27.60266667
2017,May,57,Subscriber,16469,13.14745785
2017,May,58,Customer,127,77.49868766
2017,May,58,Subscriber,14017,13.2423248
2017,May,59,Customer,181,21.14171271
2017,May,59,Subscriber,12879,13.51415871
2017,May,60,Customer,96,29.52725694
2017,May,60,Subscriber,11706,13.64773193
2017,May,61,Customer,133,24.5122807
2017,May,61,Subscriber,10058,13.35868629
2017,May,62,Customer,78,49.06794872
2017,May,62,Subscriber,8800,15.54651894
2017,May,63,Customer,67,30.03507463
2017,May,63,Subscriber,7963,15.33460379
2017,May,64,Customer,77,29.88398268
2017,May,64,Subscriber,7142,12.41188976
2017,May,65,Customer,48,25.49513889
2017,May,65,Subscriber,5258,19.21760492
2017,May,66,Customer,61,28.18797814
2017,May,66,Subscriber,4593,14.11258074
2017,May,67,Customer,17,26.01372549
2017,May,67,Subscriber,3409,13.55883446
2017,May,68,Customer,20,21.90166667
2017,May,68,Subscriber,2730,13.74784493
2017,May,69,Customer,15,20.06777778
2017,May,69,Subscriber,2582,14.69551381
2017,May,70,Customer,14,30.66547619
2017,May,70,Subscriber,2262,13.75635868
2017,May,71,Subscriber,1717,13.55286352
2017,May,72,Customer,1,56.08333333
2017,May,72,Subscriber,1100,12.29063636
2017,May,73,Subscriber,849,13.27936788
2017,May,74,Subscriber,541,12.38850893
2017,May,75,Customer,1,42.05
2017,May,75,Subscriber,944,12.30390184
2017,May,76,Subscriber,700,13.98807143
2017,May,77,Subscriber,437,11.28848207
2017,May,78,Subscriber,114,14.90380117
2017,May,79,Subscriber,230,11.45094203
2017,May,80,Subscriber,78,16.73376068
2017,May,81,Subscriber,98,11.82687075
2017,May,82,Subscriber,15,14.35888889
2017,May,83,Subscriber,82,12.31361789
2017,May,84,Subscriber,15,19.24777778
2017,May,85,Subscriber,71,8.050704225
2017,May,86,Subscriber,9,21.75
2017,May,87,Customer,3,79.17777778
2017,May,87,Subscriber,1,24.01666667
2017,May,89,Customer,3,46.82777778
2017,May,90,Customer,1,12.68333333
2017,May,90,Subscriber,39,14.55940171
2017,May,91,Subscriber,38,8.424561404
2017,May,94,Subscriber,11,5.740909091
2017,May,96,Subscriber,5,13.80333333
2017,May,97,Subscriber,2,30.95
2017,May,99,Subscriber,9,7.435185185
2017,May,100,Subscriber,44,18.13371212
2017,May,102,Subscriber,5,6.72
2017,May,104,Subscriber,1,35.95
2017,May,105,Subscriber,17,15.02254902
2017,May,107,Subscriber,36,5.721759259
2017,May,110,Subscriber,3,18.32777778
2017,May,116,Subscriber,55,15.98333333
2017,May,117,Customer,3,21.91666667
2017,May,117,Subscriber,150,16.16833333
2017,May,118,Subscriber,52,13.46217949
2017,May,121,Subscriber,10,16.37333333
2017,May,122,Subscriber,13,14.57435897
2017,May,124,Subscriber,20,9.6925
2017,May,129,Subscriber,4,19.72083333
2017,May,131,Subscriber,6,24.275
2017,May,132,Subscriber,40,12.33541667
2017,Jun,16,Customer,2,11.19166667
2017,Jun,16,Subscriber,379,12.45461741
2017,Jun,17,Subscriber,2448,12.97751225
2017,Jun,18,Customer,298,67.77813199
2017,Jun,18,Subscriber,3768,12.84404636
2017,Jun,19,Customer,833,99.32290916
2017,Jun,19,Subscriber,5234,21.57720354
2017,Jun,20,Customer,717,100.7383775
2017,Jun,20,Subscriber,6846,14.67309865
2017,Jun,21,Customer,837,66.00314616
2017,Jun,21,Subscriber,10898,19.90324066
2017,Jun,22,Customer,1298,73.42383154
2017,Jun,22,Subscriber,12441,15.38325965
2017,Jun,23,Customer,1146,35.23695462
2017,Jun,23,Subscriber,24845,15.6508392
2017,Jun,24,Customer,1496,40.53543895
2017,Jun,24,Subscriber,40978,15.10874453
2017,Jun,25,Customer,1625,49.27771282
2017,Jun,25,Subscriber,51035,14.85739623
2017,Jun,26,Customer,1799,48.28244395
2017,Jun,26,Subscriber,56527,14.78822687
2017,Jun,27,Customer,2060,114.495089
2017,Jun,27,Subscriber,61951,14.10975314
2017,Jun,28,Customer,1632,81.61379698
2017,Jun,28,Subscriber,64380,14.04664751
2017,Jun,29,Customer,1581,55.48233186
2017,Jun,29,Subscriber,63652,13.49335449
2017,Jun,30,Customer,2598,279.9091801
2017,Jun,30,Subscriber,61472,16.884436
2017,Jun,31,Customer,1727,26.77001544
2017,Jun,31,Subscriber,62448,13.73633049
2017,Jun,32,Customer,1376,95.63762112
2017,Jun,32,Subscriber,60543,14.7052109
2017,Jun,33,Customer,1213,58.60611432
2017,Jun,33,Subscriber,57633,13.76793504
2017,Jun,34,Customer,1253,281.2921788
2017,Jun,34,Subscriber,54643,14.14065785
2017,Jun,35,Customer,929,27.59302117
2017,Jun,35,Subscriber,50376,14.54697574
2017,Jun,36,Customer,178228,34.879443
2017,Jun,36,Subscriber,62033,14.41096244
2017,Jun,37,Customer,936,132.8888177
2017,Jun,37,Subscriber,43125,14.2599343
2017,Jun,38,Customer,940,69.3251773
2017,Jun,38,Subscriber,39116,13.57812575
2017,Jun,39,Customer,679,27.97110947
2017,Jun,39,Subscriber,35603,13.70414712
2017,Jun,40,Customer,855,27.09345029
2017,Jun,40,Subscriber,33450,14.47693323
2017,Jun,41,Customer,503,37.87372432
2017,Jun,41,Subscriber,33019,14.06182148
2017,Jun,42,Customer,493,32.20084517
2017,Jun,42,Subscriber,30188,13.41737832
2017,Jun,43,Customer,510,26.99506536
2017,Jun,43,Subscriber,31458,14.71227245
2017,Jun,44,Customer,718,40.59988394
2017,Jun,44,Subscriber,28950,13.90734945
2017,Jun,45,Customer,518,77.03117761
2017,Jun,45,Subscriber,28339,13.10716915
2017,Jun,46,Customer,603,26.73946932
2017,Jun,46,Subscriber,30208,15.76899938
2017,Jun,47,Customer,595,23.54767507
2017,Jun,47,Subscriber,31486,13.55647113
2017,Jun,48,Customer,515,32.82462783
2017,Jun,48,Subscriber,28848,13.99232009
2017,Jun,49,Customer,349,32.16618911
2017,Jun,49,Subscriber,26334,13.30731627
2017,Jun,50,Customer,440,32.2244697
2017,Jun,50,Subscriber,23899,13.31780828
2017,Jun,51,Customer,402,26.83640133
2017,Jun,51,Subscriber,22910,14.11461298
2017,Jun,52,Customer,262,32.4096056
2017,Jun,52,Subscriber,23575,13.5086299
2017,Jun,53,Customer,373,29.34857015
2017,Jun,53,Subscriber,22550,13.70076053
2017,Jun,54,Customer,390,93.81598291
2017,Jun,54,Subscriber,21366,13.95112328
2017,Jun,55,Customer,273,75.82844933
2017,Jun,55,Subscriber,21155,13.54536043
2017,Jun,56,Customer,261,32.18416347
2017,Jun,56,Subscriber,18229,13.9028398
2017,Jun,57,Customer,288,31.05700231
2017,Jun,57,Subscriber,18407,13.10201463
2017,Jun,58,Customer,185,32.44414414
2017,Jun,58,Subscriber,15467,13.98727398
2017,Jun,59,Customer,256,30.54166667
2017,Jun,59,Subscriber,14114,15.80411412
2017,Jun,60,Customer,147,29.25952381
2017,Jun,60,Subscriber,13264,14.46643923
2017,Jun,61,Customer,104,30.02628205
2017,Jun,61,Subscriber,10880,13.6423943
2017,Jun,62,Customer,75,27.45733333
2017,Jun,62,Subscriber,9388,14.23037033
2017,Jun,63,Customer,98,34.73656463
2017,Jun,63,Subscriber,8960,15.00865699
2017,Jun,64,Customer,50,21.70433333
2017,Jun,64,Subscriber,7994,15.86938746
2017,Jun,65,Customer,44,35.11742424
2017,Jun,65,Subscriber,5475,13.53654795
2017,Jun,66,Customer,36,52.6037037
2017,Jun,66,Subscriber,4884,17.84494267
2017,Jun,67,Customer,21,25.02777778
2017,Jun,67,Subscriber,3714,14.20447855
2017,Jun,68,Customer,19,28.84298246
2017,Jun,68,Subscriber,2880,14.13397569
2017,Jun,69,Customer,6,21.10555556
2017,Jun,69,Subscriber,2645,14.78181474
2017,Jun,70,Customer,39,24.42478632
2017,Jun,70,Subscriber,2559,14.36102644
2017,Jun,71,Customer,4,26.2125
2017,Jun,71,Subscriber,1786,13.40333147
2017,Jun,72,Subscriber,1011,12.97898121
2017,Jun,73,Subscriber,955,14.62300175
2017,Jun,74,Customer,1,23.7
2017,Jun,74,Subscriber,629,16.51923688
2017,Jun,75,Subscriber,903,12.54782207
2017,Jun,76,Customer,1,82.3
2017,Jun,76,Subscriber,656,13.15088923
2017,Jun,77,Subscriber,415,13.14883534
2017,Jun,78,Subscriber,111,14.56771772
2017,Jun,79,Subscriber,225,15.74562963
2017,Jun,80,Subscriber,46,14.97028986
2017,Jun,81,Subscriber,79,12.33333333
2017,Jun,82,Subscriber,64,14.74817708
2017,Jun,83,Subscriber,51,13.41535948
2017,Jun,84,Subscriber,75,16.08466667
2017,Jun,85,Customer,1,3656.166667
2017,Jun,85,Subscriber,97,7.164261168
2017,Jun,86,Subscriber,43,21.73682171
2017,Jun,87,Customer,3,1580.233333
2017,Jun,87,Subscriber,16,22.65729167
2017,Jun,88,Subscriber,25,14.80666667
2017,Jun,89,Customer,1,51.53333333
2017,Jun,89,Subscriber,26,23.00833333
2017,Jun,90,Subscriber,42,16.68730159
2017,Jun,91,Subscriber,41,10.72764228
2017,Jun,94,Subscriber,149,15.65178971
2017,Jun,96,Subscriber,9,8.275925926
2017,Jun,97,Subscriber,4,11.24583333
2017,Jun,99,Subscriber,18,13.63055556
2017,Jun,100,Subscriber,30,15.24222222
2017,Jun,102,Subscriber,4,10.04583333
2017,Jun,104,Subscriber,12,26.97777778
2017,Jun,105,Subscriber,30,13.76611111
2017,Jun,107,Subscriber,46,7.141304348
2017,Jun,110,Subscriber,5,17.26666667
2017,Jun,116,Subscriber,63,16.9994709
2017,Jun,117,Subscriber,158,18.09852321
2017,Jun,118,Subscriber,41,14.44186992
2017,Jun,121,Subscriber,3,5.688888889
2017,Jun,122,Subscriber,15,19.23666667
2017,Jun,124,Subscriber,18,10.0037037
2017,Jun,130,Subscriber,5,24.47666667
2017,Jun,131,Subscriber,22,19.90909091
2017,Jun,132,Subscriber,55,16.61363636
2017,Jul,16,Subscriber,743,14.36846119
2017,Jul,17,Subscriber,2378,17.5758831
2017,Jul,18,Customer,650,51.31484615
2017,Jul,18,Subscriber,3854,17.91293029
2017,Jul,19,Customer,1317,39.00817515
2017,Jul,19,Subscriber,5990,20.02803005
2017,Jul,20,Customer,1177,50.16268762
2017,Jul,20,Subscriber,7073,13.55925821
2017,Jul,21,Customer,1456,46.54456273
2017,Jul,21,Subscriber,11037,13.06819788
2017,Jul,22,Customer,1916,54.19598121
2017,Jul,22,Subscriber,14833,18.82549945
2017,Jul,23,Customer,1947,30.74448725
2017,Jul,23,Subscriber,27619,13.88424816
2017,Jul,24,Customer,2032,29.18557251
2017,Jul,24,Subscriber,42601,13.98923656
2017,Jul,25,Customer,2181,41.67267309
2017,Jul,25,Subscriber,54206,13.98409278
2017,Jul,26,Customer,1949,32.28057978
2017,Jul,26,Subscriber,59553,13.41098042
2017,Jul,27,Customer,2309,60.84717771
2017,Jul,27,Subscriber,64010,15.10183227
2017,Jul,28,Customer,2146,41.43298385
2017,Jul,28,Subscriber,64948,13.83880053
2017,Jul,29,Customer,2174,53.15797301
2017,Jul,29,Subscriber,66446,14.07073037
2017,Jul,30,Customer,3209,232.3188896
2017,Jul,30,Subscriber,62850,19.48131689
2017,Jul,31,Customer,2061,42.90731037
2017,Jul,31,Subscriber,62124,13.69861809
2017,Jul,32,Customer,1637,53.21249236
2017,Jul,32,Subscriber,62428,14.44710066
2017,Jul,33,Customer,1466,35.6837085
2017,Jul,33,Subscriber,56445,13.88338884
2017,Jul,34,Customer,1463,61.15727956
2017,Jul,34,Subscriber,54232,14.22995372
2017,Jul,35,Customer,214810,32.47096535
2017,Jul,35,Subscriber,64156,13.67349559
2017,Jul,36,Customer,1067,84.16896282
2017,Jul,36,Subscriber,46286,14.04193061
2017,Jul,37,Customer,1186,67.89318437
2017,Jul,37,Subscriber,40750,13.65706585
2017,Jul,38,Customer,795,59.07769392
2017,Jul,38,Subscriber,37465,13.90086303
2017,Jul,39,Customer,787,30.0358111
2017,Jul,39,Subscriber,33772,14.34010768
2017,Jul,40,Customer,989,51.94137176
2017,Jul,40,Subscriber,31557,13.85881104
2017,Jul,41,Customer,732,37.46841985
2017,Jul,41,Subscriber,31335,13.57503484
2017,Jul,42,Customer,605,64.96121212
2017,Jul,42,Subscriber,28529,13.99007618
2017,Jul,43,Customer,704,25.62078598
2017,Jul,43,Subscriber,28366,13.8839015
2017,Jul,44,Customer,743,54.07729924
2017,Jul,44,Subscriber,25710,13.4729366
2017,Jul,45,Customer,669,36.11569507
2017,Jul,45,Subscriber,25343,13.49195241
2017,Jul,46,Customer,625,31.20650667
2017,Jul,46,Subscriber,27097,13.41334096
2017,Jul,47,Customer,587,32.70638842
2017,Jul,47,Subscriber,28303,13.30169593
2017,Jul,48,Customer,774,30.56216624
2017,Jul,48,Subscriber,26065,13.61880747
2017,Jul,49,Customer,597,30.57149637
2017,Jul,49,Subscriber,23584,14.09808486
2017,Jul,50,Customer,625,41.86466667
2017,Jul,50,Subscriber,20776,13.28863913
2017,Jul,51,Customer,588,29.45819161
2017,Jul,51,Subscriber,19731,13.39667528
2017,Jul,52,Customer,550,34.81851515
2017,Jul,52,Subscriber,20420,14.66964414
2017,Jul,53,Customer,490,30.61517007
2017,Jul,53,Subscriber,19846,13.4936973
2017,Jul,54,Customer,541,27.66444855
2017,Jul,54,Subscriber,18889,13.66046376
2017,Jul,55,Customer,333,33.80650651
2017,Jul,55,Subscriber,18605,13.30096211
2017,Jul,56,Customer,367,30.13369664
2017,Jul,56,Subscriber,15995,14.18408044
2017,Jul,57,Customer,350,27.91309524
2017,Jul,57,Subscriber,16402,13.66584258
2017,Jul,58,Customer,195,30.48931624
2017,Jul,58,Subscriber,15004,13.54210433
2017,Jul,59,Customer,195,26.30410256
2017,Jul,59,Subscriber,12735,13.83919382
2017,Jul,60,Customer,156,29.58141026
2017,Jul,60,Subscriber,12149,14.69326556
2017,Jul,61,Customer,97,39.60412371
2017,Jul,61,Subscriber,9936,13.6967861
2017,Jul,62,Customer,98,28.85085034
2017,Jul,62,Subscriber,8397,14.69062761
2017,Jul,63,Customer,96,25.7296875
2017,Jul,63,Subscriber,8266,15.25754093
2017,Jul,64,Customer,65,29.66794872
2017,Jul,64,Subscriber,7463,14.35912502
2017,Jul,65,Customer,44,32.71439394
2017,Jul,65,Subscriber,4761,13.87565988
2017,Jul,66,Customer,56,181.9196429
2017,Jul,66,Subscriber,4579,14.19521002
2017,Jul,67,Customer,22,31.8530303
2017,Jul,67,Subscriber,3194,15.68637028
2017,Jul,68,Customer,20,31.71666667
2017,Jul,68,Subscriber,2701,13.65067876
2017,Jul,69,Customer,11,27.13939394
2017,Jul,69,Subscriber,2196,13.92620674
2017,Jul,70,Customer,10,32.92
2017,Jul,70,Subscriber,2574,16.44276742
2017,Jul,71,Customer,18,63.4
2017,Jul,71,Subscriber,1712,13.13020833
2017,Jul,72,Customer,1,3661.933333
2017,Jul,72,Subscriber,1017,17.26443789
2017,Jul,73,Customer,2,28.3
2017,Jul,73,Subscriber,807,12.93638992
2017,Jul,74,Subscriber,636,13.86797694
2017,Jul,75,Customer,6,19.69444444
2017,Jul,75,Subscriber,851,11.93971798
2017,Jul,76,Customer,5,42.09666667
2017,Jul,76,Subscriber,610,13.5879235
2017,Jul,77,Customer,1,27.48333333
2017,Jul,77,Subscriber,511,15.69745597
2017,Jul,78,Subscriber,75,9.804666667
2017,Jul,79,Customer,1,46.03333333
2017,Jul,79,Subscriber,168,10.6780754
2017,Jul,80,Subscriber,78,14.74487179
2017,Jul,81,Subscriber,96,16.96197917
2017,Jul,82,Customer,1,140.15
2017,Jul,82,Subscriber,46,17.40724638
2017,Jul,83,Subscriber,96,13.19583333
2017,Jul,84,Subscriber,61,16.76038251
2017,Jul,85,Subscriber,69,5.720048309
2017,Jul,86,Subscriber,45,17.73888889
2017,Jul,87,Subscriber,3,3.688888889
2017,Jul,88,Subscriber,27,13.44197531
2017,Jul,89,Subscriber,16,19.63854167
2017,Jul,90,Subscriber,22,15.67954545
2017,Jul,91,Subscriber,12,13.42083333
2017,Jul,94,Subscriber,117,20.37578348
2017,Jul,96,Subscriber,8,5.479166667
2017,Jul,99,Subscriber,18,10.46759259
2017,Jul,100,Subscriber,9,16.82222222
2017,Jul,102,Subscriber,4,49.79583333
2017,Jul,104,Subscriber,14,27.45595238
2017,Jul,105,Subscriber,21,12.7047619
2017,Jul,107,Subscriber,46,6.751449275
2017,Jul,116,Subscriber,35,16.90285714
2017,Jul,117,Customer,2,136.1416667
2017,Jul,117,Subscriber,190,14.75929825
2017,Jul,118,Subscriber,37,15.54954955
2017,Jul,121,Subscriber,4,13.55833333
2017,Jul,122,Subscriber,16,15.41979167
2017,Jul,124,Subscriber,12,9.804166667
2017,Jul,130,Subscriber,21,12.12539683
2017,Jul,131,Subscriber,11,20.44848485
2017,Jul,132,Subscriber,59,13.42570621
2017,Jul,143,Customer,6,22.99166667
2017,Aug,16,Subscriber,616,28.68958333
2017,Aug,17,Customer,1,2.25
2017,Aug,17,Subscriber,2898,21.62416609
2017,Aug,18,Customer,943,75.37622835
2017,Aug,18,Subscriber,4357,16.94867646
2017,Aug,19,Customer,1340,137.5934701
2017,Aug,19,Subscriber,6115,17.61128918
2017,Aug,20,Customer,1356,166.3244715
2017,Aug,20,Subscriber,7526,14.68053858
2017,Aug,21,Customer,1560,87.23154915
2017,Aug,21,Subscriber,9835,13.32945094
2017,Aug,22,Customer,1985,84.84230898
2017,Aug,22,Subscriber,16082,16.01913941
2017,Aug,23,Customer,2031,49.43089611
2017,Aug,23,Subscriber,30174,15.63002751
2017,Aug,24,Customer,2287,61.37572511
2017,Aug,24,Subscriber,47731,15.05465141
2017,Aug,25,Customer,2268,54.0680923
2017,Aug,25,Subscriber,59179,13.12141075
2017,Aug,26,Customer,2347,84.37662264
2017,Aug,26,Subscriber,63892,13.1835608
2017,Aug,27,Customer,2564,71.35518721
2017,Aug,27,Subscriber,69483,13.4639461
2017,Aug,28,Customer,2403,60.74495769
2017,Aug,28,Subscriber,69831,13.73690983
2017,Aug,29,Customer,2275,58.82317216
2017,Aug,29,Subscriber,71448,14.21508906
2017,Aug,30,Customer,4006,580.4118905
2017,Aug,30,Subscriber,66073,16.84397182
2017,Aug,31,Customer,2434,50.39067379
2017,Aug,31,Subscriber,66156,15.35698601
2017,Aug,32,Customer,1731,56.11755247
2017,Aug,32,Subscriber,65264,13.81181611
2017,Aug,33,Customer,1583,51.99895768
2017,Aug,33,Subscriber,59496,13.11221343
2017,Aug,34,Customer,1613,258.2145381
2017,Aug,34,Subscriber,55749,15.2136128
2017,Aug,35,Customer,207422,33.37956718
2017,Aug,35,Subscriber,72322,14.69335426
2017,Aug,36,Customer,1188,115.5607323
2017,Aug,36,Subscriber,47858,13.90362496
2017,Aug,37,Customer,1226,92.4947118
2017,Aug,37,Subscriber,42715,14.4939627
2017,Aug,38,Customer,998,132.9829325
2017,Aug,38,Subscriber,39500,13.83297722
2017,Aug,39,Customer,909,112.8757426
2017,Aug,39,Subscriber,35784,13.34509278
2017,Aug,40,Customer,811,27.0593917
2017,Aug,40,Subscriber,33098,13.95204897
2017,Aug,41,Customer,669,47.13858994
2017,Aug,41,Subscriber,32100,14.07753011
2017,Aug,42,Customer,748,100.6208333
2017,Aug,42,Subscriber,30646,14.02037623
2017,Aug,43,Customer,913,35.4269989
2017,Aug,43,Subscriber,29683,15.24453952
2017,Aug,44,Customer,692,38.56127168
2017,Aug,44,Subscriber,26497,13.29124555
2017,Aug,45,Customer,667,31.10722139
2017,Aug,45,Subscriber,25913,13.74404031
2017,Aug,46,Customer,623,39.9670412
2017,Aug,46,Subscriber,27735,13.57622979
2017,Aug,47,Customer,635,28.95624672
2017,Aug,47,Subscriber,29371,14.63379978
2017,Aug,48,Customer,638,28.86371473
2017,Aug,48,Subscriber,27251,14.03412291
2017,Aug,49,Customer,572,72.31564685
2017,Aug,49,Subscriber,23856,13.91692586
2017,Aug,50,Customer,629,27.47784844
2017,Aug,50,Subscriber,21886,13.73550596
2017,Aug,51,Customer,501,28.1749501
2017,Aug,51,Subscriber,20182,14.83649787
2017,Aug,52,Customer,442,25.67831825
2017,Aug,52,Subscriber,21612,14.7457485
2017,Aug,53,Customer,430,26.49422481
2017,Aug,53,Subscriber,20206,13.34324211
2017,Aug,54,Customer,427,51.12872756
2017,Aug,54,Subscriber,19745,13.49337891
2017,Aug,55,Customer,423,43.13664303
2017,Aug,55,Subscriber,19592,13.6027826
2017,Aug,56,Customer,284,26.60786385
2017,Aug,56,Subscriber,16805,15.62246355
2017,Aug,57,Customer,273,28.32814408
2017,Aug,57,Subscriber,16860,16.65777877
2017,Aug,58,Customer,279,24.10955795
2017,Aug,58,Subscriber,15008,13.81348392
2017,Aug,59,Customer,184,24.12762681
2017,Aug,59,Subscriber,13657,14.1802226
2017,Aug,60,Customer,139,26.44172662
2017,Aug,60,Subscriber,12792,14.36525693
2017,Aug,61,Customer,119,27.03809524
2017,Aug,61,Subscriber,10601,13.55145584
2017,Aug,62,Customer,130,32.21320513
2017,Aug,62,Subscriber,8553,14.10305156
2017,Aug,63,Customer,40,22.55541667
2017,Aug,63,Subscriber,8637,13.86007294
2017,Aug,64,Customer,103,27.7907767
2017,Aug,64,Subscriber,7691,16.22896026
2017,Aug,65,Customer,43,27.18449612
2017,Aug,65,Subscriber,5224,14.07800855
2017,Aug,66,Customer,33,27.02171717
2017,Aug,66,Subscriber,4667,14.15090708
2017,Aug,67,Customer,20,31.31916667
2017,Aug,67,Subscriber,3057,13.77915713
2017,Aug,68,Customer,24,28.50972222
2017,Aug,68,Subscriber,2844,15.00439522
2017,Aug,69,Customer,3,156.2666667
2017,Aug,69,Subscriber,2104,14.01299113
2017,Aug,70,Customer,17,24.03235294
2017,Aug,70,Subscriber,2611,17.69299119
2017,Aug,71,Customer,37,19.11441441
2017,Aug,71,Subscriber,1856,14.97825072
2017,Aug,72,Customer,4,52.84583333
2017,Aug,72,Subscriber,988,13.33874831
2017,Aug,73,Customer,24,24.87152778
2017,Aug,73,Subscriber,861,13.50023229
2017,Aug,74,Subscriber,761,15.15705212
2017,Aug,75,Subscriber,889,13.12371579
2017,Aug,76,Customer,3,92.67222222
2017,Aug,76,Subscriber,644,12.60833333
2017,Aug,77,Customer,6,15.33611111
2017,Aug,77,Subscriber,446,13.88310912
2017,Aug,78,Subscriber,76,15.36776316
2017,Aug,79,Subscriber,98,10.05595238
2017,Aug,80,Subscriber,108,22.56234568
2017,Aug,81,Subscriber,77,13.53225108
2017,Aug,82,Subscriber,81,22.82654321
2017,Aug,83,Subscriber,64,12.24348958
2017,Aug,84,Subscriber,37,16.59144144
2017,Aug,85,Subscriber,103,6.040614887
2017,Aug,86,Subscriber,42,13.09325397
2017,Aug,87,Subscriber,2,10.40833333
2017,Aug,88,Subscriber,8,14.77291667
2017,Aug,89,Subscriber,19,19.24561404
2017,Aug,94,Subscriber,162,22.06090535
2017,Aug,96,Subscriber,16,4.935416667
2017,Aug,97,Subscriber,2,11.225
2017,Aug,99,Subscriber,38,10.11973684
2017,Aug,100,Subscriber,20,16.54583333
2017,Aug,101,Customer,1,20.63333333
2017,Aug,102,Subscriber,1,34.85
2017,Aug,104,Subscriber,4,18.27916667
2017,Aug,105,Subscriber,30,14.33611111
2017,Aug,107,Subscriber,22,7.057575758
2017,Aug,110,Subscriber,9,7.814814815
2017,Aug,112,Customer,3,30.41111111
2017,Aug,116,Subscriber,19,19.51754386
2017,Aug,117,Subscriber,218,14.19610092
2017,Aug,118,Subscriber,28,16.16071429
2017,Aug,121,Subscriber,4,6.191666667
2017,Aug,122,Subscriber,20,12.40083333
2017,Aug,124,Subscriber,30,12.09666667
2017,Aug,127,Subscriber,1,98.43333333
2017,Aug,129,Subscriber,13,17.18461538
2017,Aug,130,Subscriber,11,11.15757576
2017,Aug,131,Subscriber,21,24.63968254
2017,Aug,132,Subscriber,42,12.69087302
2017,Sep,16,Subscriber,1089,14.29087848
2017,Sep,17,Subscriber,3064,15.90547759
2017,Sep,18,Customer,309,25.52173679
2017,Sep,18,Subscriber,4891,17.1248654
2017,Sep,19,Customer,932,24.84012876
2017,Sep,19,Subscriber,8810,14.39439084
2017,Sep,20,Customer,662,42.46946123
2017,Sep,20,Subscriber,12314,11.29557956
2017,Sep,21,Customer,876,41.99809741
2017,Sep,21,Subscriber,15339,13.32829063
2017,Sep,22,Customer,1347,61.25966345
2017,Sep,22,Subscriber,20997,13.94927926
2017,Sep,23,Customer,1587,35.40438983
2017,Sep,23,Subscriber,34253,13.48457118
2017,Sep,24,Customer,1978,32.76227671
2017,Sep,24,Subscriber,50293,13.6819395
2017,Sep,25,Customer,1766,26.71226878
2017,Sep,25,Subscriber,60520,13.26357155
2017,Sep,26,Customer,2208,36.32838164
2017,Sep,26,Subscriber,65314,13.39960371
2017,Sep,27,Customer,2556,60.57318075
2017,Sep,27,Subscriber,69907,13.26353846
2017,Sep,28,Customer,2384,40.18689178
2017,Sep,28,Subscriber,68958,13.06979152
2017,Sep,29,Customer,2536,58.65396293
2017,Sep,29,Subscriber,69079,13.94200867
2017,Sep,30,Customer,3858,277.498933
2017,Sep,30,Subscriber,65603,15.19317562
2017,Sep,31,Customer,2028,35.7100263
2017,Sep,31,Subscriber,65355,13.36445286
2017,Sep,32,Customer,2008,48.25236554
2017,Sep,32,Subscriber,65605,14.29540787
2017,Sep,33,Customer,1643,39.92704403
2017,Sep,33,Subscriber,60019,13.1613764
2017,Sep,34,Customer,1635,86.25039755
2017,Sep,34,Subscriber,54130,13.62101392
2017,Sep,35,Customer,188989,31.12349696
2017,Sep,35,Subscriber,72784,13.73505761
2017,Sep,36,Customer,1162,35.92243259
2017,Sep,36,Subscriber,47787,13.51749744
2017,Sep,37,Customer,1217,37.40165708
2017,Sep,37,Subscriber,43908,13.23327829
2017,Sep,38,Customer,1032,47.9005491
2017,Sep,38,Subscriber,41140,13.49939961
2017,Sep,39,Customer,883,37.87404681
2017,Sep,39,Subscriber,37945,13.08388193
2017,Sep,40,Customer,970,23.49161512
2017,Sep,40,Subscriber,34861,13.54934311
2017,Sep,41,Customer,756,90.68818342
2017,Sep,41,Subscriber,35433,13.53702998
2017,Sep,42,Customer,843,24.94790431
2017,Sep,42,Subscriber,32316,12.97563436
2017,Sep,43,Customer,656,57.6523628
2017,Sep,43,Subscriber,31833,13.71668185
2017,Sep,44,Customer,504,52.96329365
2017,Sep,44,Subscriber,30235,13.47565459
2017,Sep,45,Customer,575,24.50121739
2017,Sep,45,Subscriber,29756,13.27438668
2017,Sep,46,Customer,512,30.19153646
2017,Sep,46,Subscriber,30541,13.35361972
2017,Sep,47,Customer,589,30.10127334
2017,Sep,47,Subscriber,33277,14.11531188
2017,Sep,48,Customer,621,28.69165325
2017,Sep,48,Subscriber,31395,14.56194882
2017,Sep,49,Customer,441,26.93163265
2017,Sep,49,Subscriber,27456,14.06413534
2017,Sep,50,Customer,542,25.4297048
2017,Sep,50,Subscriber,25674,14.0555601
2017,Sep,51,Customer,484,28.93608815
2017,Sep,51,Subscriber,23217,14.03752495
2017,Sep,52,Customer,428,31.06670561
2017,Sep,52,Subscriber,23910,13.32779242
2017,Sep,53,Customer,413,24.78389831
2017,Sep,53,Subscriber,22787,13.7056304
2017,Sep,54,Customer,472,24.19279661
2017,Sep,54,Subscriber,21628,13.67746517
2017,Sep,55,Customer,425,24.49101961
2017,Sep,55,Subscriber,20742,14.00952817
2017,Sep,56,Customer,349,26.02989494
2017,Sep,56,Subscriber,18220,14.11734449
2017,Sep,57,Customer,338,26.67071006
2017,Sep,57,Subscriber,17714,13.39633341
2017,Sep,58,Customer,283,27.45812721
2017,Sep,58,Subscriber,16155,13.8051563
2017,Sep,59,Customer,167,24.88902196
2017,Sep,59,Subscriber,14624,14.22119803
2017,Sep,60,Customer,167,80.60858283
2017,Sep,60,Subscriber,13221,15.44862971
2017,Sep,61,Customer,131,25.21005089
2017,Sep,61,Subscriber,11107,13.88387503
2017,Sep,62,Customer,128,30.34856771
2017,Sep,62,Subscriber,9427,14.39726495
2017,Sep,63,Customer,76,44.07938596
2017,Sep,63,Subscriber,9063,14.05068962
2017,Sep,64,Customer,96,23.43072917
2017,Sep,64,Subscriber,8223,15.12347886
2017,Sep,65,Customer,129,23.18165375
2017,Sep,65,Subscriber,5481,14.22972389
2017,Sep,66,Customer,54,23.57345679
2017,Sep,66,Subscriber,4990,13.77547428
2017,Sep,67,Customer,70,20.71
2017,Sep,67,Subscriber,3702,13.81222762
2017,Sep,68,Customer,35,24.41666667
2017,Sep,68,Subscriber,2947,14.11871395
2017,Sep,69,Customer,22,18.52045455
2017,Sep,69,Subscriber,2526,14.1192729
2017,Sep,70,Customer,49,22.01088435
2017,Sep,70,Subscriber,2588,14.86108964
2017,Sep,71,Customer,18,38.54166667
2017,Sep,71,Subscriber,2150,14.57589147
2017,Sep,72,Customer,22,19.95909091
2017,Sep,72,Subscriber,1249,12.12012276
2017,Sep,73,Customer,9,13.92407407
2017,Sep,73,Subscriber,972,14.23347051
2017,Sep,74,Subscriber,700,15.01740476
2017,Sep,75,Customer,1,66.91666667
2017,Sep,75,Subscriber,1102,15.46879915
2017,Sep,76,Subscriber,663,13.07428356
2017,Sep,77,Subscriber,491,12.20916497
2017,Sep,78,Customer,3,26.47222222
2017,Sep,78,Subscriber,130,15.35089744
2017,Sep,79,Customer,1,15.23333333
2017,Sep,79,Subscriber,138,11.70495169
2017,Sep,80,Subscriber,228,20.58596491
2017,Sep,81,Subscriber,98,16.29710884
2017,Sep,82,Subscriber,102,13.91535948
2017,Sep,83,Subscriber,77,12.75757576
2017,Sep,84,Subscriber,65,13.58666667
2017,Sep,85,Subscriber,64,5.982291667
2017,Sep,86,Subscriber,17,15.30196078
2017,Sep,87,Subscriber,11,10.35606061
2017,Sep,88,Subscriber,39,9.702564103
2017,Sep,89,Subscriber,4,13.70416667
2017,Sep,90,Customer,10,21.43333333
2017,Sep,91,Subscriber,4,7.358333333
2017,Sep,94,Subscriber,93,17.95179211
2017,Sep,96,Subscriber,18,7.45462963
2017,Sep,99,Subscriber,17,10.73039216
2017,Sep,100,Subscriber,30,23.81166667
2017,Sep,101,Subscriber,6,84.60277778
2017,Sep,102,Subscriber,3,5.5
2017,Sep,104,Subscriber,3,15.06111111
2017,Sep,105,Subscriber,39,20.00128205
2017,Sep,107,Subscriber,43,7.096899225
2017,Sep,116,Customer,3,18.65555556
2017,Sep,116,Subscriber,49,21.76734694
2017,Sep,117,Customer,1,87.33333333
2017,Sep,117,Subscriber,199,14.66164154
2017,Sep,118,Subscriber,7,12.73571429
2017,Sep,122,Subscriber,12,10.98333333
2017,Sep,123,Subscriber,32,15.54375
2017,Sep,124,Subscriber,25,9.182666667
2017,Sep,127,Subscriber,4,11.82083333
2017,Sep,128,Subscriber,3,18.03333333
2017,Sep,129,Subscriber,4,19.7625
2017,Sep,130,Subscriber,11,28.80151515
2017,Sep,131,Subscriber,5,15.91666667
2017,Sep,132,Subscriber,49,15.95408163
2017,Oct,16,Subscriber,1314,14.11854389
2017,Oct,17,Subscriber,3137,17.81016895
2017,Oct,18,Customer,438,45.89969559
2017,Oct,18,Subscriber,6099,11.97377712
2017,Oct,19,Customer,497,112.8425553
2017,Oct,19,Subscriber,9985,18.04989484
2017,Oct,20,Customer,543,163.2933088
2017,Oct,20,Subscriber,12576,20.11493851
2017,Oct,21,Customer,692,166.3264692
2017,Oct,21,Subscriber,16665,12.75415642
2017,Oct,22,Customer,878,93.84208428
2017,Oct,22,Subscriber,23070,15.26731831
2017,Oct,23,Customer,1158,91.257038
2017,Oct,23,Subscriber,35755,12.89759055
2017,Oct,24,Customer,1370,24.35708029
2017,Oct,24,Subscriber,52742,13.40178384
2017,Oct,25,Customer,1476,70.14939024
2017,Oct,25,Subscriber,63146,13.27583774
2017,Oct,26,Customer,1494,101.2728916
2017,Oct,26,Subscriber,67736,14.39962452
2017,Oct,27,Customer,1659,159.3890597
2017,Oct,27,Subscriber,71143,14.23262584
2017,Oct,28,Customer,1814,140.1445057
2017,Oct,28,Subscriber,71080,12.39285594
2017,Oct,29,Customer,1924,275.9294352
2017,Oct,29,Subscriber,69867,12.79028988
2017,Oct,30,Customer,2824,614.8234714
2017,Oct,30,Subscriber,67375,15.76514137
2017,Oct,31,Customer,1663,107.68183
2017,Oct,31,Subscriber,65488,13.21985529
2017,Oct,32,Customer,1447,131.344264
2017,Oct,32,Subscriber,66265,13.64246108
2017,Oct,33,Customer,1483,26.5869746
2017,Oct,33,Subscriber,60177,13.43461068
2017,Oct,34,Customer,1309,394.9037688
2017,Oct,34,Subscriber,54354,13.48730514
2017,Oct,35,Customer,168596,32.41566032
2017,Oct,35,Subscriber,80304,16.27158859
2017,Oct,36,Customer,1017,58.19418224
2017,Oct,36,Subscriber,48023,12.58533446
2017,Oct,37,Customer,1028,162.242607
2017,Oct,37,Subscriber,43942,13.05336201
2017,Oct,38,Customer,910,189.4732601
2017,Oct,38,Subscriber,42586,12.59818876
2017,Oct,39,Customer,730,23.93789954
2017,Oct,39,Subscriber,38489,12.64834671
2017,Oct,40,Customer,740,37.26108108
2017,Oct,40,Subscriber,36178,12.72600107
2017,Oct,41,Customer,787,45.94036425
2017,Oct,41,Subscriber,35930,13.22333519
2017,Oct,42,Customer,550,24.4819697
2017,Oct,42,Subscriber,33414,12.82905718
2017,Oct,43,Customer,526,26.29382129
2017,Oct,43,Subscriber,32551,13.07376476
2017,Oct,44,Customer,513,25.51923327
2017,Oct,44,Subscriber,30972,12.85136091
2017,Oct,45,Customer,646,52.08516512
2017,Oct,45,Subscriber,29923,12.83681895
2017,Oct,46,Customer,566,22.44885159
2017,Oct,46,Subscriber,31791,13.09826051
2017,Oct,47,Customer,654,23.21791539
2017,Oct,47,Subscriber,34670,13.21668541
2017,Oct,48,Customer,625,24.7544
2017,Oct,48,Subscriber,31126,13.26936109
2017,Oct,49,Customer,540,24.8570679
2017,Oct,49,Subscriber,28717,13.36555525
2017,Oct,50,Customer,290,24.87178161
2017,Oct,50,Subscriber,26429,13.44805454
2017,Oct,51,Customer,417,27.15851319
2017,Oct,51,Subscriber,23719,13.01119075
2017,Oct,52,Customer,519,29.68159923
2017,Oct,52,Subscriber,24358,13.30188029
2017,Oct,53,Customer,418,23.29748804
2017,Oct,53,Subscriber,23369,12.93623889
2017,Oct,54,Customer,288,26.92337963
2017,Oct,54,Subscriber,22074,14.34962097
2017,Oct,55,Customer,305,26.30327869
2017,Oct,55,Subscriber,21442,14.39444393
2017,Oct,56,Customer,265,31.99616352
2017,Oct,56,Subscriber,18737,14.32737987
2017,Oct,57,Customer,300,26.09911111
2017,Oct,57,Subscriber,18569,14.03951748
2017,Oct,58,Customer,103,121.2294498
2017,Oct,58,Subscriber,16579,13.3837073
2017,Oct,59,Customer,201,24.76028192
2017,Oct,59,Subscriber,15320,13.60809399
2017,Oct,60,Customer,151,32.67582781
2017,Oct,60,Subscriber,13618,15.28696333
2017,Oct,61,Customer,151,24.39646799
2017,Oct,61,Subscriber,12176,13.27894355
2017,Oct,62,Customer,97,39.29948454
2017,Oct,62,Subscriber,9751,14.39902574
2017,Oct,63,Customer,41,33.49186992
2017,Oct,63,Subscriber,9375,13.35292622
2017,Oct,64,Customer,80,23.89041667
2017,Oct,64,Subscriber,8247,13.16752556
2017,Oct,65,Customer,50,25.33866667
2017,Oct,65,Subscriber,5673,13.37736353
2017,Oct,66,Customer,26,25.81474359
2017,Oct,66,Subscriber,4795,14.34530761
2017,Oct,67,Customer,71,23.47652582
2017,Oct,67,Subscriber,3915,16.22539378
2017,Oct,68,Customer,31,28.80698925
2017,Oct,68,Subscriber,2801,13.90363561
2017,Oct,69,Customer,10,38.35333333
2017,Oct,69,Subscriber,2774,13.60760634
2017,Oct,70,Customer,15,30.56666667
2017,Oct,70,Subscriber,2452,14.31752311
2017,Oct,71,Customer,2,30.75
2017,Oct,71,Subscriber,2088,15.50848499
2017,Oct,72,Customer,26,262.5192308
2017,Oct,72,Subscriber,1280,13.00070313
2017,Oct,73,Customer,17,24.51862745
2017,Oct,73,Subscriber,1057,12.75507726
2017,Oct,74,Customer,15,24.90111111
2017,Oct,74,Subscriber,800,13.5233125
2017,Oct,75,Customer,2,22.85833333
2017,Oct,75,Subscriber,1090,13.02244648
2017,Oct,76,Subscriber,824,13.21743528
2017,Oct,77,Customer,1,24.46666667
2017,Oct,77,Subscriber,473,11.92621564
2017,Oct,78,Subscriber,153,13.57559913
2017,Oct,79,Subscriber,163,12.81564417
2017,Oct,80,Subscriber,196,13.83971088
2017,Oct,81,Subscriber,136,15.67990196
2017,Oct,82,Subscriber,48,11.64375
2017,Oct,83,Subscriber,91,12.63095238
2017,Oct,84,Subscriber,50,10.58233333
2017,Oct,85,Subscriber,52,4.238461538
2017,Oct,86,Subscriber,11,9.627272727
2017,Oct,87,Subscriber,26,6.037820513
2017,Oct,88,Subscriber,48,10.51805556
2017,Oct,91,Subscriber,16,3.707291667
2017,Oct,94,Subscriber,83,13.83795181
2017,Oct,96,Subscriber,21,5.607936508
2017,Oct,99,Subscriber,15,10.89
2017,Oct,100,Customer,1,49.96666667
2017,Oct,100,Subscriber,26,15.7224359
2017,Oct,101,Customer,7,36.87142857
2017,Oct,101,Subscriber,12,5.897222222
2017,Oct,102,Subscriber,3,5.472222222
2017,Oct,104,Subscriber,4,28.6625
2017,Oct,105,Subscriber,36,22.72268519
2017,Oct,107,Subscriber,32,3.2734375
2017,Oct,110,Subscriber,3,12.61111111
2017,Oct,116,Subscriber,26,19.35961538
2017,Oct,117,Subscriber,793,5.984846574
2017,Oct,118,Subscriber,13,17.83076923
2017,Oct,123,Subscriber,51,15.17385621
2017,Oct,124,Subscriber,36,7.593981481
2017,Oct,127,Subscriber,3,210.4888889
2017,Oct,128,Customer,3,20.31666667
2017,Oct,128,Subscriber,3,25.65
2017,Oct,129,Subscriber,5,19.15333333
2017,Oct,130,Subscriber,24,18.775
2017,Oct,132,Subscriber,38,14.97280702
2017,Nov,16,Subscriber,921,10.55669562
2017,Nov,17,Customer,5,26.58
2017,Nov,17,Subscriber,2132,11.28443558
2017,Nov,18,Customer,337,59.41785361
2017,Nov,18,Subscriber,4236,10.18864495
2017,Nov,19,Customer,337,81.05642928
2017,Nov,19,Subscriber,7604,10.62767622
2017,Nov,20,Customer,383,51.21788512
2017,Nov,20,Subscriber,8840,13.44369721
2017,Nov,21,Customer,339,53.52123894
2017,Nov,21,Subscriber,11983,14.32098111
2017,Nov,22,Customer,497,51.86780684
2017,Nov,22,Subscriber,16054,12.1849456
2017,Nov,23,Customer,640,23.34848958
2017,Nov,23,Subscriber,23714,11.3653046
2017,Nov,24,Customer,859,20.53661234
2017,Nov,24,Subscriber,36215,11.97494224
2017,Nov,25,Customer,642,110.8902648
2017,Nov,25,Subscriber,42662,11.61714172
2017,Nov,26,Customer,989,42.55431412
2017,Nov,26,Subscriber,46225,13.4466764
2017,Nov,27,Customer,889,56.49538808
2017,Nov,27,Subscriber,48769,12.42849317
2017,Nov,28,Customer,804,61.08810116
2017,Nov,28,Subscriber,50343,11.57197393
2017,Nov,29,Customer,708,78.33491055
2017,Nov,29,Subscriber,48431,12.29677514
2017,Nov,30,Customer,1391,470.5005032
2017,Nov,30,Subscriber,46405,12.4053148
2017,Nov,31,Customer,816,33.44301471
2017,Nov,31,Subscriber,45869,11.81652714
2017,Nov,32,Customer,728,45.62818223
2017,Nov,32,Subscriber,47760,12.5541398
2017,Nov,33,Customer,633,80.71271722
2017,Nov,33,Subscriber,42419,13.77082047
2017,Nov,34,Customer,779,386.2155969
2017,Nov,34,Subscriber,39800,13.35240243
2017,Nov,35,Customer,637,73.23385662
2017,Nov,35,Subscriber,38509,12.33274083
2017,Nov,36,Customer,69989,33.84337062
2017,Nov,36,Subscriber,54567,14.27829457
2017,Nov,37,Customer,494,73.36663293
2017,Nov,37,Subscriber,32031,12.04994172
2017,Nov,38,Customer,361,27.21394275
2017,Nov,38,Subscriber,31329,13.4350341
2017,Nov,39,Customer,540,23.7183642
2017,Nov,39,Subscriber,28679,11.73310843
2017,Nov,40,Customer,366,27.61980874
2017,Nov,40,Subscriber,27289,11.84728828
2017,Nov,41,Customer,388,27.08225945
2017,Nov,41,Subscriber,26664,12.14015402
2017,Nov,42,Customer,271,23.18597786
2017,Nov,42,Subscriber,24457,13.16975508
2017,Nov,43,Customer,299,29.67201784
2017,Nov,43,Subscriber,24187,11.82039801
2017,Nov,44,Customer,357,25.14915966
2017,Nov,44,Subscriber,23500,12.18551631
2017,Nov,45,Customer,183,27.80200364
2017,Nov,45,Subscriber,22988,12.51970956
2017,Nov,46,Customer,284,25.60134977
2017,Nov,46,Subscriber,24007,13.18604504
2017,Nov,47,Customer,353,55.61983003
2017,Nov,47,Subscriber,27065,13.10397746
2017,Nov,48,Customer,304,24.07741228
2017,Nov,48,Subscriber,23748,12.99672744
2017,Nov,49,Customer,335,27.38736318
2017,Nov,49,Subscriber,22429,12.60468367
2017,Nov,50,Customer,371,39.58126685
2017,Nov,50,Subscriber,21001,12.33447614
2017,Nov,51,Customer,143,33.58041958
2017,Nov,51,Subscriber,18276,12.238111
2017,Nov,52,Customer,191,38.2530541
2017,Nov,52,Subscriber,19572,12.52988708
2017,Nov,53,Customer,290,21.98850575
2017,Nov,53,Subscriber,18849,12.85979539
2017,Nov,54,Customer,260,28.07724359
2017,Nov,54,Subscriber,17879,12.43534687
2017,Nov,55,Customer,149,25.82785235
2017,Nov,55,Subscriber,17728,12.88979768
2017,Nov,56,Customer,120,29.17027778
2017,Nov,56,Subscriber,15170,13.096559
2017,Nov,57,Customer,243,27.30363512
2017,Nov,57,Subscriber,15358,13.22214047
2017,Nov,58,Customer,86,73.05736434
2017,Nov,58,Subscriber,13673,13.05367025
2017,Nov,59,Customer,110,21.55272727
2017,Nov,59,Subscriber,12383,13.58414358
2017,Nov,60,Customer,138,26.68091787
2017,Nov,60,Subscriber,10750,13.03391473
2017,Nov,61,Customer,41,21.75365854
2017,Nov,61,Subscriber,10461,12.43149317
2017,Nov,62,Customer,39,34.93931624
2017,Nov,62,Subscriber,8268,13.79299307
2017,Nov,63,Customer,54,122.3555556
2017,Nov,63,Subscriber,7571,12.83377361
2017,Nov,64,Customer,20,29.9375
2017,Nov,64,Subscriber,6386,13.62636497
2017,Nov,65,Customer,35,22.82952381
2017,Nov,65,Subscriber,4291,15.04029364
2017,Nov,66,Customer,3,33.70555556
2017,Nov,66,Subscriber,3918,12.87726731
2017,Nov,67,Customer,16,24.32395833
2017,Nov,67,Subscriber,3081,13.71061344
2017,Nov,68,Customer,12,19.94583333
2017,Nov,68,Subscriber,2359,13.47621167
2017,Nov,69,Customer,5,23.65
2017,Nov,69,Subscriber,2317,12.67761473
2017,Nov,70,Customer,17,20.94411765
2017,Nov,70,Subscriber,2080,15.52257212
2017,Nov,71,Customer,1,35.36666667
2017,Nov,71,Subscriber,1728,15.68921682
2017,Nov,72,Customer,7,240.1690476
2017,Nov,72,Subscriber,975,10.69989744
2017,Nov,73,Customer,1,16250.7
2017,Nov,73,Subscriber,753,11.11069057
2017,Nov,74,Subscriber,693,13.71825397
2017,Nov,75,Customer,1,58.96666667
2017,Nov,75,Subscriber,917,11.7172301
2017,Nov,76,Subscriber,668,12.82260479
2017,Nov,77,Subscriber,332,11.19738956
2017,Nov,78,Subscriber,125,14.91746667
2017,Nov,79,Subscriber,148,10.25416667
2017,Nov,80,Subscriber,125,14.18746667
2017,Nov,81,Subscriber,116,10.34468391
2017,Nov,82,Subscriber,18,16.58981481
2017,Nov,83,Subscriber,72,12.66875
2017,Nov,84,Subscriber,56,10.86875
2017,Nov,85,Subscriber,31,6.916129032
2017,Nov,86,Subscriber,7,15.36428571
2017,Nov,87,Subscriber,4,14.77083333
2017,Nov,88,Subscriber,28,10.525
2017,Nov,90,Subscriber,6,17.33333333
2017,Nov,91,Subscriber,3,4.677777778
2017,Nov,94,Subscriber,70,18.43833333
2017,Nov,96,Subscriber,29,4.970689655
2017,Nov,97,Subscriber,1,3.333333333
2017,Nov,99,Subscriber,8,8.314583333
2017,Nov,100,Subscriber,9,11.60740741
2017,Nov,101,Subscriber,3,4.822222222
2017,Nov,102,Subscriber,1,9.316666667
2017,Nov,104,Subscriber,1,7.75
2017,Nov,105,Subscriber,18,15.38425926
2017,Nov,107,Subscriber,19,2.914912281
2017,Nov,116,Subscriber,28,16.87142857
2017,Nov,117,Customer,4,44.98333333
2017,Nov,117,Subscriber,1007,4.011453161
2017,Nov,118,Subscriber,16,16.64583333
2017,Nov,123,Subscriber,26,11.57115385
2017,Nov,124,Subscriber,6,6.658333333
2017,Nov,127,Subscriber,1,10.5
2017,Nov,130,Subscriber,59,22.23079096
2017,Nov,131,Subscriber,15,18.30666667
2017,Nov,132,Subscriber,29,14.83563218
2017,Nov,133,Customer,2,23.4
2017,Dec,16,Customer,23,22.37391304
2017,Dec,16,Subscriber,585,12.08068376
2017,Dec,17,Customer,50,22.64766667
2017,Dec,17,Subscriber,1486,15.30430686
2017,Dec,18,Customer,68,27.75073529
2017,Dec,18,Subscriber,2841,9.149296023
2017,Dec,19,Customer,103,26.57022654
2017,Dec,19,Subscriber,4597,10.60050758
2017,Dec,20,Customer,212,21.14394654
2017,Dec,20,Subscriber,5526,13.35780251
2017,Dec,21,Customer,181,74.38858195
2017,Dec,21,Subscriber,6831,10.05573367
2017,Dec,22,Customer,254,21.87290026
2017,Dec,22,Subscriber,9825,11.94614419
2017,Dec,23,Customer,241,29.13340249
2017,Dec,23,Subscriber,14853,10.88458336
2017,Dec,24,Customer,325,45.1465641
2017,Dec,24,Subscriber,23362,11.48963488
2017,Dec,25,Customer,278,100.3291367
2017,Dec,25,Subscriber,27396,11.42738782
2017,Dec,26,Customer,325,25.13758974
2017,Dec,26,Subscriber,30272,13.20367887
2017,Dec,27,Customer,377,26.55649867
2017,Dec,27,Subscriber,32456,10.97704944
2017,Dec,28,Customer,279,39.3786141
2017,Dec,28,Subscriber,32564,11.59762263
2017,Dec,29,Customer,323,26.43219814
2017,Dec,29,Subscriber,31382,11.40989633
2017,Dec,30,Customer,525,96.76536508
2017,Dec,30,Subscriber,30468,12.66832524
2017,Dec,31,Customer,278,23.45125899
2017,Dec,31,Subscriber,30420,11.8084451
2017,Dec,32,Customer,292,21.65336758
2017,Dec,32,Subscriber,32600,11.65116309
2017,Dec,33,Customer,212,38.12484277
2017,Dec,33,Subscriber,29070,11.01520067
2017,Dec,34,Customer,287,82.97003484
2017,Dec,34,Subscriber,26375,12.13329542
2017,Dec,35,Customer,174,43.5493295
2017,Dec,35,Subscriber,26361,11.21579037
2017,Dec,36,Customer,27261,32.47690718
2017,Dec,36,Subscriber,35750,10.91604009
2017,Dec,37,Customer,201,19.74618574
2017,Dec,37,Subscriber,21605,11.04591453
2017,Dec,38,Customer,172,21.20310078
2017,Dec,38,Subscriber,21707,11.19134611
2017,Dec,39,Customer,127,23.47086614
2017,Dec,39,Subscriber,20049,10.81974828
2017,Dec,40,Customer,137,45.02664234
2017,Dec,40,Subscriber,19280,14.52184129
2017,Dec,41,Customer,127,20.48727034
2017,Dec,41,Subscriber,18386,11.52244552
2017,Dec,42,Customer,171,19.33635478
2017,Dec,42,Subscriber,17809,11.59274524
2017,Dec,43,Customer,109,27.38746177
2017,Dec,43,Subscriber,17463,11.22941553
2017,Dec,44,Customer,132,29.39848485
2017,Dec,44,Subscriber,17155,13.29089478
2017,Dec,45,Customer,91,23.91135531
2017,Dec,45,Subscriber,16591,11.47087879
2017,Dec,46,Customer,106,36.78899371
2017,Dec,46,Subscriber,17171,11.76190379
2017,Dec,47,Customer,91,26.06135531
2017,Dec,47,Subscriber,19129,13.40312004
2017,Dec,48,Customer,57,115.6362573
2017,Dec,48,Subscriber,17115,11.97435583
2017,Dec,49,Customer,43,34.41550388
2017,Dec,49,Subscriber,16398,12.16369883
2017,Dec,50,Customer,60,28.68194444
2017,Dec,50,Subscriber,15419,11.788031
2017,Dec,51,Customer,63,25.9462963
2017,Dec,51,Subscriber,13805,11.69566703
2017,Dec,52,Customer,91,19.43937729
2017,Dec,52,Subscriber,15035,11.54586631
2017,Dec,53,Customer,71,24.31408451
2017,Dec,53,Subscriber,14619,11.69700162
2017,Dec,54,Customer,52,29.95929487
2017,Dec,54,Subscriber,13671,17.68376856
2017,Dec,55,Customer,68,18.94166667
2017,Dec,55,Subscriber,13030,11.49725377
2017,Dec,56,Customer,47,28.19539007
2017,Dec,56,Subscriber,11312,12.00727546
2017,Dec,57,Customer,80,21.61770833
2017,Dec,57,Subscriber,11970,13.20395155
2017,Dec,58,Customer,41,37.14186992
2017,Dec,58,Subscriber,10283,12.0994619
2017,Dec,59,Customer,41,70.28373984
2017,Dec,59,Subscriber,9230,11.95411882
2017,Dec,60,Customer,29,22.15057471
2017,Dec,60,Subscriber,8199,12.56455259
2017,Dec,61,Customer,26,22.16089744
2017,Dec,61,Subscriber,7772,11.81703122
2017,Dec,62,Customer,13,27.36025641
2017,Dec,62,Subscriber,6040,12.83790011
2017,Dec,63,Customer,1,27.7
2017,Dec,63,Subscriber,5617,12.45405317
2017,Dec,64,Customer,20,23.465
2017,Dec,64,Subscriber,5053,12.188459
2017,Dec,65,Customer,8,20.21875
2017,Dec,65,Subscriber,3458,12.54377771
2017,Dec,66,Customer,6,42.61666667
2017,Dec,66,Subscriber,2845,12.39541301
2017,Dec,67,Customer,21,19.63571429
2017,Dec,67,Subscriber,2283,11.88840707
2017,Dec,68,Customer,7,20.91190476
2017,Dec,68,Subscriber,1878,12.01340966
2017,Dec,69,Customer,2,30.66666667
2017,Dec,69,Subscriber,1856,13.02701149
2017,Dec,70,Customer,1,112.4833333
2017,Dec,70,Subscriber,1456,13.0670902
2017,Dec,71,Subscriber,1281,11.75908145
2017,Dec,72,Subscriber,664,10.50873494
2017,Dec,73,Subscriber,503,10.98754142
2017,Dec,74,Subscriber,597,12.70580681
2017,Dec,75,Customer,5,17.87333333
2017,Dec,75,Subscriber,692,12.41115125
2017,Dec,76,Customer,8,22.25208333
2017,Dec,76,Subscriber,405,11.28600823
2017,Dec,77,Subscriber,257,17.02185473
2017,Dec,78,Subscriber,123,15.35677507
2017,Dec,79,Subscriber,144,9.331481481
2017,Dec,80,Customer,1,84.26666667
2017,Dec,80,Subscriber,136,10.70281863
2017,Dec,81,Subscriber,94,7.784219858
2017,Dec,82,Subscriber,9,131.9666667
2017,Dec,83,Subscriber,63,12.76772487
2017,Dec,84,Subscriber,13,5.520512821
2017,Dec,85,Subscriber,16,8.648958333
2017,Dec,86,Subscriber,17,12.55196078
2017,Dec,88,Subscriber,10,8.225
2017,Dec,91,Subscriber,5,3.71
2017,Dec,94,Subscriber,77,16.68160173
2017,Dec,96,Subscriber,16,4.114583333
2017,Dec,99,Subscriber,7,11.22380952
2017,Dec,100,Subscriber,4,8.608333333
2017,Dec,101,Subscriber,2,4.608333333
2017,Dec,105,Subscriber,20,14.62666667
2017,Dec,107,Subscriber,14,3.614285714
2017,Dec,110,Subscriber,3,11.18333333
2017,Dec,116,Subscriber,12,19.00277778
2017,Dec,117,Subscriber,563,4.73937241
2017,Dec,118,Subscriber,9,21.35
2017,Dec,123,Subscriber,19,10.86666667
2017,Dec,128,Subscriber,1,18.58333333
2017,Dec,130,Subscriber,61,11.15519126
2017,Dec,132,Subscriber,27,13.70987654
